{"cameraMode":{"drawMode":0,"name":"Shaded","section":"Shading Mode"},"sceneLighting":false,"audioPlay":false,"sceneViewState":{"m_AlwaysRefresh":false,"showFog":true,"showSkybox":false,"showFlares":true,"showImageEffects":true,"showParticleSystems":true,"showVisualEffectGraphs":true,"m_FxEnabled":true},"in2DMode":false,"pivot":{"x":-25.660953521728517,"y":3.8115577697753908,"z":0.21557211875915528},"rotation":{"x":0.09747779369354248,"y":-0.6025809645652771,"z":0.07451450824737549,"w":0.7886340618133545},"size":4.857147693634033,"orthographic":false}