{"cameraMode":{"drawMode":0,"name":"Shaded","section":"Shading Mode"},"sceneLighting":false,"audioPlay":false,"sceneViewState":{"m_AlwaysRefresh":false,"showFog":true,"showSkybox":false,"showFlares":true,"showImageEffects":true,"showParticleSystems":true,"showVisualEffectGraphs":true,"m_FxEnabled":true},"in2DMode":false,"pivot":{"x":-19.723281860351564,"y":0.5214794874191284,"z":0.22898772358894349},"rotation":{"x":0.02932778000831604,"y":-0.9667539000511169,"z":0.12983937561511994,"w":0.21856549382209779},"size":1.2545512914657593,"orthographic":false}